{"cameraMode":{"drawMode":0,"name":"Shaded","section":"Shading Mode"},"sceneLighting":true,"audioPlay":false,"sceneViewState":{"showFog":true,"showMaterialUpdate":false,"showSkybox":true,"showFlares":true,"showImageEffects":true,"showParticleSystems":true},"in2DMode":false,"pivot":{"x":174.70018005371095,"y":37.351680755615237,"z":349.2498779296875},"rotation":{"x":-0.0007847248925827444,"y":-0.9277251958847046,"z":0.3732580542564392,"w":-0.001954650739207864},"size":13.706058502197266,"orthographic":false}