{"cameraMode":{"drawMode":0,"name":"Shaded","section":"Shading Mode"},"sceneLighting":true,"audioPlay":false,"sceneViewState":{"showFog":true,"showMaterialUpdate":false,"showSkybox":true,"showFlares":true,"showImageEffects":true,"showParticleSystems":true},"in2DMode":false,"pivot":{"x":237.8879852294922,"y":88.09408569335938,"z":100.5767822265625},"rotation":{"x":0.09827364981174469,"y":0.13182193040847779,"z":-0.013135438784956932,"w":0.9863026142120361},"size":22.0,"orthographic":false}