{"cameraMode":{"drawMode":0,"name":"Shaded","section":"Shading Mode"},"sceneLighting":true,"audioPlay":true,"sceneViewState":{"showFog":true,"showMaterialUpdate":true,"showSkybox":true,"showFlares":true,"showImageEffects":true,"showParticleSystems":true},"in2DMode":false,"pivot":{"x":183.14353942871095,"y":-320.61279296875,"z":393.01715087890627},"rotation":{"x":-0.16428446769714356,"y":0.4589940309524536,"z":-0.08681822568178177,"w":-0.8687909245491028},"size":407.1647644042969,"orthographic":true}